campaign_name,channel,city,audience_segment,spend_aud,revenue_aud,impressions,clicks,leads,conversions,ctr_pct,conversion_rate_pct,cpa_aud,roas,aov_aud
Early Bird - Google Search,Google Search,Bangalore,Corporate Buyers,2522.2,38339.880000000005,60941,2897,496,149,4.7537782445315955,5.1432516396272,16.92751677852349,15.200967409404491,257.31463087248324
Last Mile Sales - Retargeting,Retargeting,Bangalore,Premium Experience Seekers,1162.07,37920.18,30121,2569,427,111,8.5289333023472,4.32074737251849,10.469099099099099,32.63157985319301,341.6232432432432
Early Bird - Google Search,Google Search,Melbourne,Students,3993.56,37280.63,91721,5218,823,171,5.688991615878589,3.2771176696052127,23.354152046783625,9.335187151313614,218.01538011695905
Last Mile Sales - Retargeting,Retargeting,Bangalore,Corporate Buyers,940.35,36269.97,19001,1696,320,114,8.925846008104836,6.721698113207547,8.248684210526315,38.57071303238156,318.15763157894736
Weekend Boost - Google Search,Google Search,Bangalore,Premium Experience Seekers,1506.45,34435.97,35926,2354,470,81,6.552357624004899,3.4409515717926933,18.598148148148148,22.859019549271466,425.1354320987654
Weekend Boost - Google Search,Google Search,Melbourne,Premium Experience Seekers,4612.65,34147.56,83244,3777,737,93,4.537263946951132,2.4622716441620334,49.59838709677419,7.4030242918929465,367.178064516129
VIP Upgrade - Google Search,Google Search,Bangalore,Music Enthusiasts,1522.87,32361.77,30327,1899,429,90,6.261746958156099,4.739336492890995,16.920777777777776,21.250513832434812,359.57522222222224
Weekend Boost - Google Search,Google Search,Melbourne,Corporate Buyers,2550.0699999999997,31797.98,52056,3305,568,86,6.3489319194713385,2.6021180030257187,29.651976744186044,12.469453779700167,369.7439534883721
VIP Upgrade - Google Search,Google Search,Melbourne,Music Enthusiasts,1916.77,31012.14,38608,2641,466,101,6.840551181102363,3.824308973873533,18.977920792079207,16.179374677191316,307.0508910891089
Corporate Outreach - Retargeting,Retargeting,Melbourne,Music Enthusiasts,773.57,29826.03,21857,1932,219,104,8.839273459303655,5.383022774327122,7.438173076923078,38.556342670992926,286.78875
Last Mile Sales - Google Search,Google Search,Sydney,Corporate Buyers,1388.77,28725.0,28934,1829,359,66,6.321282919748393,3.608529250956807,21.041969696969698,20.68377053075743,435.22727272727275
Weekend Boost - Google Search,Google Search,Mumbai,Premium Experience Seekers,1080.25,28313.93,29762,1547,157,57,5.197903366709227,3.684550743374273,18.95175438596491,26.210534598472577,496.73561403508774
VIP Upgrade - Google Search,Google Search,Mumbai,Premium Experience Seekers,1005.43,27415.06,23280,1389,301,46,5.966494845360825,3.311735061195104,21.85717391304348,27.267000188973874,595.9795652173914
Festival Push - Google Search,Google Search,Bangalore,Corporate Buyers,891.19,26931.28,21449,1208,161,55,5.631964194134924,4.5529801324503305,16.203454545454548,30.219459374544147,489.65963636363637
Corporate Outreach - Retargeting,Retargeting,Bangalore,Premium Experience Seekers,1105.43,25099.13,20912,1596,357,86,7.631981637337414,5.3884711779448615,12.853837209302327,22.705309246175695,291.8503488372093
Festival Push - Google Search,Google Search,Bangalore,Young Professionals,2064.02,25013.99,53800,2643,420,85,4.912639405204461,3.216042376087779,24.282588235294117,12.119063768761931,294.28223529411764
Summer Launch - Google Search,Google Search,Melbourne,Music Enthusiasts,1406.07,24814.91,27544,1855,354,71,6.734679058960209,3.8274932614555257,19.803802816901406,17.648417219626335,349.50577464788734
Corporate Outreach - Retargeting,Retargeting,Brisbane,Music Enthusiasts,836.0,22732.83,25426,1683,275,81,6.619208684024228,4.81283422459893,10.320987654320987,27.19238038277512,280.65222222222224
Weekend Boost - Google Search,Google Search,Sydney,Premium Experience Seekers,2276.6,22687.38,53999,1935,336,59,3.5833996925869,3.049095607235142,38.5864406779661,9.965466045857859,384.5318644067797
Last Mile Sales - Google Search,Google Search,Mumbai,Corporate Buyers,1212.48,22230.35,23751,1242,244,65,5.229253505115574,5.233494363929147,18.65353846153846,18.334611704935337,342.00538461538457
VIP Upgrade - Google Search,Google Search,Melbourne,Students,4410.24,22047.72,106883,5168,957,115,4.835193622933488,2.225232198142415,38.34991304347826,4.999210927296474,191.7193043478261
Corporate Outreach - Retargeting,Retargeting,Melbourne,Young Professionals,808.29,21912.84,18948,1722,257,85,9.0880303989867,4.936120789779326,9.509294117647059,27.110121367331033,257.7981176470588
Festival Push - Google Search,Google Search,Melbourne,Families,3846.95,21423.0,75743,3603,738,96,4.756875222792865,2.6644462947543714,40.07239583333333,5.5688272527586795,223.15625
VIP Upgrade - Sponsorship,Sponsorship,Bangalore,Premium Experience Seekers,3401.77,21379.09,75407,1220,237,31,1.6178869335738062,2.540983606557377,109.73451612903226,6.284695908306558,689.648064516129
Early Bird - Google Search,Google Search,Mumbai,Corporate Buyers,1303.93,21189.83,31134,1979,310,78,6.356394938009894,3.941384537645275,16.717051282051283,16.250741987683387,271.6644871794872
Corporate Outreach - Google Search,Google Search,Melbourne,Families,2668.2,20421.8,69351,3247,514,92,4.681980072385402,2.8333846627656296,29.002173913043475,7.653774079904055,221.97608695652173
Student Offer - Email,Email,Sydney,Young Professionals,940.9,19534.69,17682,1647,271,89,9.314557176789956,5.403764420157862,10.57191011235955,20.76170687639494,219.4908988764045
Weekend Boost - Retargeting,Retargeting,Bangalore,Music Enthusiasts,588.96,19427.26,11664,1113,189,81,9.542181069958849,7.277628032345014,7.271111111111112,32.985703613148594,239.8427160493827
Early Bird - Google Search,Google Search,Mumbai,Young Professionals,3444.55,18898.77,72176,3692,671,81,5.115273775216139,2.1939328277356447,42.52530864197531,5.486571540549564,233.31814814814814
Corporate Outreach - Retargeting,Retargeting,Melbourne,Premium Experience Seekers,660.99,18369.78,14731,814,156,57,5.525761998506551,7.002457002457002,11.596315789473685,27.791313030454315,322.27684210526314
Student Offer - Retargeting,Retargeting,Sydney,Young Professionals,946.79,18236.68,19622,1164,243,72,5.932117011517684,6.185567010309279,13.149861111111111,19.26158915915884,253.28722222222223
Festival Push - Google Search,Google Search,Melbourne,Music Enthusiasts,1399.76,17868.2,26935,1483,285,68,5.505847410432523,4.585300067430883,20.584705882352942,12.76518831799737,262.7676470588235
Weekend Boost - Retargeting,Retargeting,Melbourne,Corporate Buyers,905.15,17100.81,16930,1157,188,54,6.834022445363261,4.66724286949006,16.762037037037036,18.892791250069052,316.6816666666667
Summer Launch - Retargeting,Retargeting,Bangalore,Premium Experience Seekers,1481.96,17010.2,30181,2058,377,71,6.81885954739737,3.4499514091350827,20.87267605633803,11.478177548651786,239.58028169014085
VIP Upgrade - Retargeting,Retargeting,Brisbane,Music Enthusiasts,1048.19,16966.45,29183,1613,238,93,5.527190487612652,5.765654060756355,11.270860215053764,16.186426125034583,182.43494623655914
Weekend Boost - Google Search,Google Search,Brisbane,Premium Experience Seekers,1306.58,16682.89,37623,1950,303,47,5.182999760784626,2.41025641025641,27.799574468085105,12.768364738477553,354.9551063829787
Weekend Boost - Retargeting,Retargeting,Brisbane,Music Enthusiasts,1032.33,16421.24,21001,864,152,58,4.114089805247369,6.712962962962964,17.798793103448276,15.906967733186097,283.12482758620695
VIP Upgrade - Google Search,Google Search,Brisbane,Students,2924.91,15937.630000000001,61103,3025,466,67,4.950657087213394,2.2148760330578514,43.65537313432836,5.448930052548626,237.87507462686568
Corporate Outreach - Google Search,Google Search,Sydney,Music Enthusiasts,1555.32,15851.89,32262,2024,361,46,6.273634616576778,2.272727272727273,33.81130434782609,10.192044080960832,344.6063043478261
Early Bird - Email,Email,Sydney,Students,713.53,15798.52,16318,1754,305,115,10.748866282632676,6.556442417331813,6.2046086956521735,22.141353552058078,137.3784347826087
Weekend Boost - Google Search,Google Search,Mumbai,Students,1634.06,15178.78,37526,2270,317,93,6.049139263444013,4.096916299559472,17.570537634408602,9.288997956011407,163.21268817204302
Early Bird - Google Search,Google Search,Sydney,Corporate Buyers,1167.34,15017.97,24227,1100,253,43,4.540388822388245,3.909090909090909,27.147441860465115,12.86512070176641,349.25511627906974
Weekend Boost - Google Search,Google Search,Melbourne,Young Professionals,2117.92,14884.45,39352,1930,382,55,4.904452124415531,2.849740932642487,38.507636363636365,7.027862242199895,270.62636363636364
Festival Push - Google Search,Google Search,Brisbane,Families,2386.3500000000004,14858.92,54794,2688,518,52,4.905646603642735,1.9345238095238095,45.89134615384616,6.226630628365495,285.7484615384615
Summer Launch - Retargeting,Retargeting,Bangalore,Young Professionals,1210.79,14831.710000000001,18671,1378,254,64,7.380429543141771,4.644412191582003,18.91859375,12.249613888452995,231.74546875000001
Weekend Boost - Retargeting,Retargeting,Melbourne,Young Professionals,1763.55,14585.98,33339,2238,257,68,6.71285881400162,3.038427167113494,25.93455882352941,8.270806044625896,214.49970588235294
Summer Launch - Retargeting,Retargeting,Melbourne,Families,799.13,14444.72,11940,1118,227,58,9.363484087102178,5.18783542039356,13.778103448275862,18.075557168420655,249.04689655172413
VIP Upgrade - Retargeting,Retargeting,Melbourne,Music Enthusiasts,911.43,14407.2,24119,1952,370,71,8.093204527550894,3.637295081967213,12.837042253521126,15.807247951022022,202.91830985915493
Early Bird - Google Search,Google Search,Bangalore,Families,1725.73,14401.19,36276,2344,422,86,6.461572389458595,3.668941979522184,20.066627906976745,8.344984441366842,167.45569767441862
Student Offer - Google Search,Google Search,Sydney,Premium Experience Seekers,1233.03,14243.41,22364,1019,238,32,4.556429976748346,3.140333660451423,38.5321875,11.55155186816217,445.1065625
Corporate Outreach - Email,Email,Sydney,Young Professionals,381.55,14212.31,10260,972,171,62,9.473684210526317,6.378600823045268,6.154032258064516,37.24887957017429,229.2308064516129
Weekend Boost - Retargeting,Retargeting,Melbourne,Premium Experience Seekers,791.35,14174.18,14523,685,139,39,4.716656338222131,5.693430656934306,20.29102564102564,17.91139192519113,363.4405128205128
Weekend Boost - Email,Email,Melbourne,Premium Experience Seekers,687.15,14138.5,12545,1400,242,51,11.159824631327222,3.642857142857143,13.473529411764705,20.57556574255985,277.22549019607845
Corporate Outreach - Google Search,Google Search,Brisbane,Corporate Buyers,2366.99,13934.5,55239,2834,499,44,5.130433208421587,1.55257586450247,53.79522727272727,5.887012619402702,316.6931818181818
VIP Upgrade - Sponsorship,Sponsorship,Melbourne,Premium Experience Seekers,1695.35,13665.87,31854,523,110,15,1.641866013687449,2.8680688336520075,113.02333333333333,8.060795705901437,911.0580000000001
Student Offer - Google Search,Google Search,Melbourne,Music Enthusiasts,2453.14,12799.23,46987,2258,341,49,4.8055845233788075,2.170062001771479,50.06408163265306,5.217488606439095,261.2087755102041
Corporate Outreach - Retargeting,Retargeting,Mumbai,Corporate Buyers,660.52,12763.0,12031,940,174,36,7.813149364142631,3.829787234042553,18.34777777777778,19.32265487797493,354.52777777777777
Weekend Boost - Google Search,Google Search,Sydney,Young Professionals,1912.26,12749.26,41813,2398,505,53,5.735058474637075,2.2101751459549623,36.080377358490566,6.667116396305942,240.55207547169812
VIP Upgrade - Retargeting,Retargeting,Sydney,Young Professionals,741.69,12539.55,12578,985,178,45,7.831133725552553,4.568527918781726,16.482000000000003,16.906726529951865,278.65666666666664
Corporate Outreach - Retargeting,Retargeting,Brisbane,Young Professionals,958.43,12490.07,22270,1608,152,49,7.220475976650202,3.0472636815920398,19.559795918367346,13.03180200953643,254.89938775510203
Corporate Outreach - Retargeting,Retargeting,Sydney,Music Enthusiasts,906.84,12477.37,15611,1153,207,62,7.385817692652617,5.377276669557675,14.626451612903226,13.759174716598297,201.24790322580645
Early Bird - Retargeting,Retargeting,Sydney,Students,1458.3,12401.939999999999,25305,1705,281,71,6.737798853981427,4.164222873900293,20.53943661971831,8.504381814441473,174.67521126760562
Early Bird - Retargeting,Retargeting,Sydney,Music Enthusiasts,471.17,12272.1,12885,1393,193,48,10.811020566550253,3.4458004307250536,9.816041666666667,26.046013116284993,255.66875000000002
Student Offer - Google Search,Google Search,Brisbane,Young Professionals,1231.46,12241.44,30351,1377,170,36,4.5369180587130575,2.6143790849673203,34.20722222222222,9.940590843389147,340.04
Student Offer - Google Search,Google Search,Melbourne,Young Professionals,2719.41,12233.91,47477,2237,394,47,4.711755165659161,2.1010281627179257,57.85978723404255,4.49873685836266,260.29595744680853
Early Bird - Google Search,Google Search,Bangalore,Young Professionals,995.21,12213.13,25376,1587,287,37,6.253940731399747,2.3314429741650917,26.89756756756757,12.271912460686687,330.0845945945946
Summer Launch - Google Search,Google Search,Mumbai,Families,2571.05,12168.15,59028,2769,502,59,4.690994104492783,2.1307331166486096,43.5771186440678,4.732755100056397,206.23983050847457
Last Mile Sales - Retargeting,Retargeting,Sydney,Students,810.94,12156.06,20135,1344,231,83,6.674944127141792,6.175595238095238,9.770361445783132,14.990085579697633,146.45855421686747
Festival Push - Retargeting,Retargeting,Delhi,Music Enthusiasts,758.58,12104.05,16478,1620,268,62,9.83129020512198,3.8271604938271606,12.235161290322582,15.956194468612406,195.2266129032258
Weekend Boost - Google Search,Google Search,Melbourne,Students,1405.73,11869.27,30674,1675,304,49,5.460650713959706,2.925373134328358,28.688367346938776,8.443491993483812,242.23000000000002
VIP Upgrade - Email,Email,Melbourne,Corporate Buyers,471.21,11785.21,11502,856,177,47,7.442183968005564,5.490654205607477,10.025744680851064,25.010526092400415,250.7491489361702
Corporate Outreach - Google Search,Google Search,Mumbai,Families,2122.87,11732.56,34685,2121,453,48,6.115035317860746,2.263083451202263,44.22645833333333,5.526744454441393,244.4283333333333
VIP Upgrade - Retargeting,Retargeting,Melbourne,Premium Experience Seekers,547.81,11481.31,8890,737,123,40,8.29021372328459,5.4274084124830395,13.695249999999998,20.958562275241416,287.03274999999996
VIP Upgrade - Retargeting,Retargeting,Delhi,Corporate Buyers,530.68,11410.62,10348,654,170,31,6.320061847700038,4.740061162079511,17.118709677419353,21.501884374764458,368.0845161290323
Last Mile Sales - Retargeting,Retargeting,Delhi,Music Enthusiasts,754.85,11380.99,16489,1238,214,45,7.508035660137061,3.634894991922456,16.774444444444445,15.077154401536728,252.91088888888888
Last Mile Sales - Retargeting,Retargeting,Melbourne,Corporate Buyers,888.69,11298.34,19836,1593,249,47,8.030852994555355,2.9504080351537976,18.908297872340427,12.71347714051019,240.39021276595744
Last Mile Sales - Google Search,Google Search,Brisbane,Corporate Buyers,1262.8,11168.11,21131,1274,212,30,6.029056835928257,2.3547880690737837,42.093333333333334,8.843926195755465,372.2703333333333
Early Bird - Retargeting,Retargeting,Mumbai,Young Professionals,908.2,11114.08,17544,766,154,47,4.366165070679435,6.135770234986945,19.32340425531915,12.237480731116493,236.46978723404254
Festival Push - Google Search,Google Search,Mumbai,Young Professionals,781.86,11020.92,17654,1257,229,39,7.120199388240625,3.1026252983293556,20.04769230769231,14.095771621517919,282.5876923076923
Student Offer - Google Search,Google Search,Bangalore,Young Professionals,1595.56,10997.49,34065,1450,297,37,4.256568325260531,2.5517241379310347,43.123243243243245,6.892558098723959,297.22945945945946
Last Mile Sales - Retargeting,Retargeting,Melbourne,Families,763.68,10993.76,9745,750,194,45,7.6962544894817855,6.0,16.970666666666666,14.395767860884142,244.3057777777778
Summer Launch - Google Search,Google Search,Delhi,Premium Experience Seekers,1606.67,10977.31,38754,2081,444,36,5.369768281983795,1.7299375300336377,44.62972222222223,6.832336447434756,304.92527777777775
Corporate Outreach - Retargeting,Retargeting,Sydney,Corporate Buyers,525.94,10937.08,10661,753,140,45,7.063127286370885,5.9760956175298805,11.687555555555557,20.795299844088678,243.0462222222222
Summer Launch - Retargeting,Retargeting,Bangalore,Students,759.47,10931.91,20245,1518,303,84,7.498147690787849,5.533596837944664,9.041309523809524,14.394130117055314,130.1417857142857
VIP Upgrade - Google Search,Google Search,Sydney,Young Professionals,1114.25,10929.85,24172,1420,278,31,5.874565613106073,2.1830985915492955,35.943548387096776,9.809154139555755,352.5758064516129
Last Mile Sales - Retargeting,Retargeting,Bangalore,Young Professionals,497.88,10928.74,14059,964,244,80,6.856817696848994,8.29875518672199,6.2235,21.950550333413673,136.60925
Summer Launch - Google Search,Google Search,Sydney,Young Professionals,1231.07,10883.34,27366,1393,259,32,5.0902579843601545,2.297200287150036,38.4709375,8.840553339777593,340.104375
Weekend Boost - Sponsorship,Sponsorship,Melbourne,Students,4143.34,10790.15,87441,1323,252,34,1.5130202079116204,2.5699168556311416,121.8629411764706,2.6042154397177155,317.3573529411765
VIP Upgrade - Google Search,Google Search,Mumbai,Young Professionals,1219.11,10685.79,29307,1440,248,33,4.913501893745521,2.2916666666666665,36.94272727272727,8.765238575682261,323.8118181818182
Festival Push - Retargeting,Retargeting,Melbourne,Music Enthusiasts,473.53,10623.89,9642,712,190,55,7.384360091267372,7.724719101123595,8.609636363636364,22.435516229172386,193.16163636363635
Student Offer - Google Search,Google Search,Mumbai,Young Professionals,1577.94,10613.0,32008,1313,208,38,4.102099475131217,2.8941355674028943,41.52473684210526,6.725857763920048,279.2894736842105
Corporate Outreach - Email,Email,Melbourne,Premium Experience Seekers,430.84,10591.24,8529,969,107,43,11.36123812873725,4.437564499484004,10.01953488372093,24.582768545167582,246.3079069767442
Weekend Boost - Meta Ads,Meta Ads,Sydney,Music Enthusiasts,3510.55,10568.220000000001,77809,2310,367,43,2.9688082355511574,1.8614718614718615,81.6406976744186,3.010417171098546,245.7725581395349
Summer Launch - Retargeting,Retargeting,Melbourne,Music Enthusiasts,515.72,10485.06,11982,764,99,50,6.376231013186446,6.544502617801047,10.314400000000001,20.330916000930735,209.7012
Corporate Outreach - Google Search,Google Search,Bangalore,Premium Experience Seekers,810.06,10429.06,18288,825,157,27,4.511154855643045,3.272727272727273,30.00222222222222,12.874429054637929,386.26148148148144
Early Bird - Retargeting,Retargeting,Delhi,Corporate Buyers,607.64,10373.76,7050,576,132,35,8.170212765957446,6.076388888888888,17.361142857142855,17.072213810809032,296.3931428571429
VIP Upgrade - Sponsorship,Sponsorship,Melbourne,Corporate Buyers,2022.42,10355.92,34934,858,153,17,2.456059998854984,1.9813519813519813,118.96588235294118,5.120558538780273,609.1717647058823
Last Mile Sales - Sponsorship,Sponsorship,Melbourne,Corporate Buyers,1636.51,10324.22,37325,688,142,15,1.8432685867381111,2.1802325581395348,109.10066666666667,6.308681279063372,688.2813333333332
Corporate Outreach - Google Search,Google Search,Bangalore,Families,1332.41,10247.24,35234,1429,269,73,4.055741613214509,5.108467459762071,18.252191780821917,7.690755848425034,140.37315068493152
VIP Upgrade - Retargeting,Retargeting,Mumbai,Corporate Buyers,1588.37,10081.810000000001,28876,1466,281,36,5.076880454356559,2.455661664392906,44.12138888888889,6.347267953940204,280.0502777777778
Weekend Boost - Sponsorship,Sponsorship,Bangalore,Families,2678.9700000000003,10012.119999999999,64825,1154,209,25,1.7801774006941766,2.166377816291161,107.15880000000001,3.737302022792341,400.48479999999995
Festival Push - Sponsorship,Sponsorship,Mumbai,Music Enthusiasts,2873.76,9892.970000000001,59156,1298,303,19,2.1941983906957874,1.4637904468412943,151.25052631578947,3.4425178163799344,520.6826315789474
VIP Upgrade - Google Search,Google Search,Sydney,Students,2374.63,9815.279999999999,61204,2894,464,42,4.728449120972486,1.4512785072563925,56.538809523809526,4.13339341286853,233.69714285714284
VIP Upgrade - Google Search,Google Search,Brisbane,Corporate Buyers,983.82,9556.23,17469,904,113,24,5.17488121815788,2.6548672566371683,40.9925,9.713392693785448,398.17625
Corporate Outreach - Sponsorship,Sponsorship,Bangalore,Premium Experience Seekers,1347.7,9499.92,27776,632,56,14,2.2753456221198154,2.2151898734177213,96.26428571428572,7.048987163315278,678.5657142857143
Weekend Boost - Google Search,Google Search,Bangalore,Corporate Buyers,1708.34,9361.38,23218,935,115,26,4.027047980015505,2.7807486631016043,65.70538461538462,5.479810810494397,360.0530769230769
Weekend Boost - Email,Email,Melbourne,Corporate Buyers,399.45,9228.0,6414,661,106,30,10.305581540380418,4.53857791225416,13.315,23.101764926774315,307.6
Summer Launch - Google Search,Google Search,Sydney,Premium Experience Seekers,682.03,9145.15,12662,725,112,22,5.725793713473385,3.0344827586206895,31.001363636363635,13.408721024001876,415.68863636363636
Corporate Outreach - Email,Email,Melbourne,Corporate Buyers,903.1400000000001,9088.16,19511,1604,230,47,8.22100353646661,2.9301745635910224,19.215744680851067,10.06284739907434,193.36510638297872
Weekend Boost - Retargeting,Retargeting,Melbourne,Students,653.08,8955.54,13238,959,178,70,7.244296721559147,7.2992700729927,9.329714285714287,13.712776382678998,127.93628571428573
VIP Upgrade - Retargeting,Retargeting,Bangalore,Students,747.01,8800.83,16348,881,187,44,5.389038414484952,4.994324631101021,16.9775,11.781408548747674,200.01886363636365
Early Bird - Retargeting,Retargeting,Sydney,Families,648.22,8674.99,15082,1191,266,52,7.8968306590637845,4.36607892527288,12.465769230769231,13.382786708216345,166.82673076923078
Student Offer - Google Search,Google Search,Mumbai,Music Enthusiasts,1919.53,8586.28,41970,2034,330,32,4.846318799142244,1.5732546705998034,59.9853125,4.473115814808834,268.32125
VIP Upgrade - Email,Email,Bangalore,Music Enthusiasts,472.93,8546.6,9867,1039,191,42,10.530049660484444,4.042348411934552,11.260238095238096,18.07159621931364,203.4904761904762
Weekend Boost - Email,Email,Bangalore,Premium Experience Seekers,519.78,8518.61,7135,805,183,23,11.282410651716889,2.857142857142857,22.59913043478261,16.388876062949713,370.374347826087
Weekend Boost - Google Search,Google Search,Mumbai,Corporate Buyers,1599.89,8491.14,26224,982,185,29,3.7446613788895666,2.9531568228105907,55.16862068965518,5.3073273787572885,292.79793103448276
Early Bird - Google Search,Google Search,Bangalore,Premium Experience Seekers,624.65,8421.08,12186,747,162,24,6.129985228951256,3.2128514056224895,26.027083333333334,13.48127751540863,350.87833333333333
Student Offer - Email,Email,Melbourne,Premium Experience Seekers,322.74,8362.0,5829,504,108,26,8.646423057128153,5.158730158730158,12.413076923076924,25.90940075602652,321.61538461538464
Summer Launch - Sponsorship,Sponsorship,Melbourne,Music Enthusiasts,2627.1800000000003,8313.4,44879,960,174,16,2.1390850954789546,1.6666666666666667,164.19875000000002,3.1643815802495445,519.5875
Corporate Outreach - Google Search,Google Search,Melbourne,Corporate Buyers,1406.91,8285.16,27129,1375,282,29,5.068377013527959,2.109090909090909,48.51413793103448,5.888905473697678,285.6951724137931
Student Offer - Sponsorship,Sponsorship,Melbourne,Music Enthusiasts,1892.22,8270.63,47893,851,193,19,1.7768776230346814,2.2326674500587544,99.59052631578948,4.370860682161693,435.2963157894736
Festival Push - Retargeting,Retargeting,Bangalore,Students,766.16,8137.35,16306,1207,283,49,7.40218324543113,4.059652029826015,15.635918367346939,10.62095384776026,166.06836734693877
Early Bird - Email,Email,Delhi,Premium Experience Seekers,272.44,8130.34,7861,664,104,31,8.446762498409871,4.66867469879518,8.788387096774194,29.842680957274997,262.2690322580645
Festival Push - Retargeting,Retargeting,Melbourne,Students,622.04,8067.8,11421,824,92,48,7.214779791611943,5.825242718446602,12.959166666666667,12.969905472316894,168.07916666666668
Summer Launch - Google Search,Google Search,Brisbane,Young Professionals,1336.45,8061.98,22795,1334,372,30,5.8521605615266505,2.2488755622188905,44.54833333333333,6.032384301694788,268.73266666666666
Summer Launch - Google Search,Google Search,Mumbai,Young Professionals,1031.74,8061.06,20731,961,227,32,4.635569919444311,3.329864724245578,32.241875,7.813073061042511,251.908125
Corporate Outreach - Google Search,Google Search,Bangalore,Young Professionals,869.87,7745.7,13022,739,172,26,5.6750115189679,3.5182679296346415,33.456538461538464,8.904433995884443,297.91153846153844
Summer Launch - Sponsorship,Sponsorship,Melbourne,Premium Experience Seekers,1801.02,7695.98,33545,433,87,12,1.2908033984200329,2.771362586605081,150.085,4.2731230080732026,641.3316666666666
Student Offer - Google Search,Google Search,Delhi,Families,1563.33,7382.61,32975,2405,553,36,7.293404094010613,1.496881496881497,43.42583333333333,4.722361881368617,205.0725
VIP Upgrade - Google Search,Google Search,Bangalore,Corporate Buyers,1112.72,7360.12,13989,638,114,27,4.560726284938166,4.231974921630094,41.211851851851854,6.614530160327845,272.597037037037
VIP Upgrade - Google Search,Google Search,Delhi,Young Professionals,1119.9,7293.38,18397,958,162,19,5.207370766972876,1.9832985386221296,58.9421052631579,6.512527904277167,383.8621052631579
Corporate Outreach - Email,Email,Sydney,Premium Experience Seekers,379.9,7256.68,9304,849,94,46,9.125107480653483,5.418138987043581,8.258695652173913,19.101553040273757,157.75391304347826
Early Bird - Meta Ads,Meta Ads,Melbourne,Music Enthusiasts,1498.45,7234.6,38270,1099,196,27,2.8717010713352495,2.4567788898999092,55.49814814814815,4.828055657512763,267.94814814814816
Student Offer - Retargeting,Retargeting,Melbourne,Students,754.91,7115.67,10779,872,175,44,8.08980424900269,5.045871559633028,17.157045454545454,9.42585208832841,161.71977272727273
Festival Push - Google Search,Google Search,Delhi,Premium Experience Seekers,1041.37,7068.13,20862,1240,231,16,5.943821301888601,1.2903225806451613,65.085625,6.787337833815071,441.758125
Festival Push - Email,Email,Brisbane,Corporate Buyers,433.46,7056.86,11048,835,178,28,7.557929036929761,3.3532934131736525,15.480714285714285,16.280302680754858,252.03071428571428
Weekend Boost - Retargeting,Retargeting,Sydney,Families,619.47,7044.23,10241,742,118,27,7.245386192754613,3.638814016172507,22.943333333333335,11.371381987828304,260.8974074074074
Student Offer - Google Search,Google Search,Sydney,Families,1189.85,7022.43,29409,1683,216,39,5.722737937366112,2.3172905525846703,30.508974358974356,5.901945623397908,180.0623076923077
Early Bird - Retargeting,Retargeting,Mumbai,Music Enthusiasts,868.22,6997.88,18630,1149,195,38,6.1674718196457325,3.307223672758921,22.847894736842107,8.060030867752413,184.15473684210528
Corporate Outreach - Retargeting,Retargeting,Sydney,Families,1128.55,6973.55,22440,1703,330,45,7.589126559714796,2.6423957721667644,25.078888888888887,6.179212263523992,154.96777777777777
Early Bird - Email,Email,Melbourne,Young Professionals,444.38,6934.17,8324,731,156,43,8.781835655934648,5.88235294117647,10.334418604651162,15.60414510103965,161.25976744186048
Corporate Outreach - Google Search,Google Search,Sydney,Premium Experience Seekers,767.66,6900.67,13907,635,146,17,4.566045876177465,2.677165354330709,45.156470588235294,8.98922700153714,405.92176470588237
Weekend Boost - Sponsorship,Sponsorship,Melbourne,Families,1364.11,6789.21,29518,586,88,16,1.9852293515820856,2.7303754266211606,85.256875,4.977025313207879,424.325625
VIP Upgrade - Google Search,Google Search,Melbourne,Young Professionals,1355.25,6740.03,21106,1233,267,43,5.841940680375249,3.4874290348742907,31.517441860465116,4.973274303634016,156.74488372093023
Last Mile Sales - Sponsorship,Sponsorship,Mumbai,Corporate Buyers,1194.49,6546.88,26124,486,98,9,1.8603582912264585,1.8518518518518516,132.7211111111111,5.480899798240253,727.4311111111111
Summer Launch - Email,Email,Bangalore,Families,392.29,6482.67,10163,997,211,46,9.810095444258584,4.613841524573721,8.52804347826087,16.525198195212724,140.92760869565217
Festival Push - Email,Email,Mumbai,Premium Experience Seekers,372.98,6360.48,5943,495,102,26,8.329126703685008,5.252525252525253,14.345384615384615,17.053139578529677,244.63384615384615
Summer Launch - Retargeting,Retargeting,Melbourne,Young Professionals,766.64,6306.95,19764,1383,239,30,6.997571341833638,2.1691973969631237,25.554666666666666,8.226742669310237,210.23166666666665
Last Mile Sales - Google Search,Google Search,Sydney,Families,1054.15,6273.37,23044,861,146,29,3.7363304981773995,3.368176538908246,36.35,5.951117013707726,216.32310344827584
VIP Upgrade - Retargeting,Retargeting,Melbourne,Corporate Buyers,695.99,6223.2,11989,978,130,26,8.157477687880558,2.658486707566462,26.768846153846155,8.9415077802842,239.35384615384615
VIP Upgrade - Retargeting,Retargeting,Bangalore,Families,773.37,6140.59,20114,1156,185,38,5.747240727851248,3.2871972318339098,20.35184210526316,7.940041635956916,161.59447368421053
Last Mile Sales - Sponsorship,Sponsorship,Melbourne,Music Enthusiasts,1125.68,6132.69,20930,393,82,9,1.877687529861443,2.2900763358778624,125.07555555555557,5.447986994527751,681.41
Weekend Boost - Email,Email,Sydney,Students,401.41,6119.73,8078,780,140,39,9.65585540975489,5.0,10.292564102564103,15.245584315288605,156.91615384615383
Corporate Outreach - Retargeting,Retargeting,Sydney,Premium Experience Seekers,601.49,6115.93,8620,660,129,20,7.65661252900232,3.0303030303030303,30.0745,10.16796621722722,305.79650000000004
Early Bird - Google Search,Google Search,Melbourne,Families,1249.78,6021.58,26753,1286,189,37,4.806937539715172,2.8771384136858478,33.777837837837836,4.818111987709837,162.7454054054054
Corporate Outreach - Retargeting,Retargeting,Delhi,Young Professionals,453.07,5948.37,11831,994,199,26,8.401656664694448,2.61569416498994,17.42576923076923,13.129030834087448,228.78346153846152
Student Offer - Email,Email,Bangalore,Students,381.61,5948.33,8465,812,161,38,9.592439456585943,4.679802955665025,10.042368421052632,15.587458399937107,156.535
Weekend Boost - Retargeting,Retargeting,Sydney,Premium Experience Seekers,755.3,5886.53,10371,640,102,29,6.171053900298911,4.53125,26.044827586206896,7.7936316695352845,202.98379310344828
Corporate Outreach - Sponsorship,Sponsorship,Sydney,Young Professionals,1139.17,5872.29,27008,641,126,11,2.373370853080569,1.71606864274571,103.56090909090909,5.154884696752899,533.8445454545455
Weekend Boost - Sponsorship,Sponsorship,Mumbai,Families,1839.28,5860.49,45849,815,140,15,1.7775742109969683,1.8404907975460123,122.61866666666667,3.186295724413901,390.6993333333333
Last Mile Sales - Email,Email,Bangalore,Families,304.73,5853.16,5144,509,76,30,9.895023328149302,5.893909626719057,10.157666666666668,19.207692055262033,195.10533333333333
Last Mile Sales - Sponsorship,Sponsorship,Brisbane,Premium Experience Seekers,1659.26,5847.7,29351,649,102,8,2.2111682736533678,1.2326656394453006,207.4075,3.524281908802719,730.9625
Festival Push - Retargeting,Retargeting,Sydney,Families,678.49,5821.3,14313,961,110,34,6.714175923985188,3.537981269510926,19.95558823529412,8.57978746923315,171.21470588235294
Early Bird - Google Search,Google Search,Melbourne,Young Professionals,905.37,5739.74,17727,671,73,26,3.7851864387657246,3.8748137108792844,34.82192307692308,6.339662237538244,220.75923076923075
Festival Push - Sponsorship,Sponsorship,Melbourne,Music Enthusiasts,1072.31,5734.07,27950,479,100,11,1.7137745974955276,2.2964509394572024,97.48272727272727,5.347399539312326,521.2790909090909
Student Offer - Sponsorship,Sponsorship,Bangalore,Premium Experience Seekers,1550.98,5723.78,28556,457,52,7,1.6003641966661997,1.5317286652078774,221.56857142857143,3.690427987465989,817.6828571428571
Weekend Boost - Email,Email,Bangalore,Families,298.93,5533.57,8917,1025,153,43,11.49489738701357,4.195121951219512,6.95186046511628,18.51125681597698,128.68767441860464
Festival Push - Retargeting,Retargeting,Sydney,Young Professionals,903.85,5492.85,11702,1008,170,35,8.613912151768927,3.4722222222222223,25.824285714285715,6.077169884383471,156.93857142857144
Last Mile Sales - Google Search,Google Search,Melbourne,Families,1328.5,5446.2,19805,910,142,21,4.594799293107801,2.307692307692308,63.26190476190476,4.099510726383139,259.34285714285716
Last Mile Sales - Email,Email,Melbourne,Music Enthusiasts,338.07,5393.34,5396,523,91,25,9.69236471460341,4.780114722753346,13.5228,15.953323276244566,215.7336
Corporate Outreach - Email,Email,Brisbane,Corporate Buyers,371.55,5386.51,8058,694,105,21,8.612558947629685,3.025936599423631,17.692857142857143,14.497402772170636,256.5004761904762
Summer Launch - Email,Email,Sydney,Corporate Buyers,388.98,5352.66,4833,462,108,22,9.559279950341402,4.761904761904762,17.680909090909093,13.760758907913003,243.30272727272725
Early Bird - Meta Ads,Meta Ads,Brisbane,Music Enthusiasts,2960.2799999999997,5345.31,72431,1934,358,25,2.670127431624581,1.2926577042399172,118.4112,1.8056771656735178,213.81240000000003
VIP Upgrade - Google Search,Google Search,Delhi,Students,920.61,5312.62,16760,942,117,30,5.620525059665871,3.1847133757961785,30.687,5.770760691280781,177.08733333333333
VIP Upgrade - Retargeting,Retargeting,Melbourne,Students,474.8,5307.61,10301,733,167,38,7.115813998640909,5.184174624829468,12.494736842105263,11.178622577927548,139.67394736842104
Last Mile Sales - Retargeting,Retargeting,Sydney,Premium Experience Seekers,987.74,5296.52,20453,1215,188,24,5.940448833911895,1.9753086419753085,41.155833333333334,5.362261323830158,220.68833333333336
Last Mile Sales - Email,Email,Sydney,Music Enthusiasts,363.47,5257.6,6501,597,128,22,9.183202584217813,3.6850921273031827,16.52136363636364,14.46501774561862,238.9818181818182
Early Bird - Google Search,Google Search,Sydney,Premium Experience Seekers,1332.35,5232.95,19059,1070,162,13,5.614145548035049,1.2149532710280373,102.48846153846154,3.9276091117198937,402.5346153846154
Summer Launch - Email,Email,Delhi,Corporate Buyers,364.47,5230.16,8617,821,161,22,9.52767784611814,2.679658952496955,16.56681818181818,14.35004252750569,237.73454545454544
Student Offer - Google Search,Google Search,Mumbai,Students,1381.93,5224.08,21408,1379,308,39,6.441517189835576,2.8281363306744014,35.43410256410257,3.7802783064265193,133.95076923076923
Corporate Outreach - Retargeting,Retargeting,Sydney,Young Professionals,631.29,5189.47,10751,890,161,24,8.278299693051808,2.696629213483146,26.303749999999997,8.220421676250218,216.2279166666667
Student Offer - Email,Email,Delhi,Families,333.52,5166.99,7443,954,180,43,12.817412333736398,4.5073375262054505,7.756279069767442,15.492294315183498,120.16255813953488
Summer Launch - Email,Email,Melbourne,Premium Experience Seekers,329.18,5149.74,6264,476,69,17,7.598978288633461,3.571428571428571,19.363529411764706,15.644146059906433,302.9258823529412
VIP Upgrade - Sponsorship,Sponsorship,Sydney,Families,2076.66,5050.85,43665,543,84,13,1.2435589144623842,2.394106813996317,159.7430769230769,2.432198819257847,388.5269230769231
VIP Upgrade - Google Search,Google Search,Brisbane,Young Professionals,1275.5,5037.92,25685,1083,225,20,4.216468756083317,1.8467220683287167,63.775,3.949760878087025,251.89600000000002
Festival Push - Email,Email,Sydney,Music Enthusiasts,253.42,5023.87,4945,484,99,20,9.787664307381192,4.132231404958678,12.671,19.824283797648174,251.1935
VIP Upgrade - Sponsorship,Sponsorship,Delhi,Students,1510.84,4978.63,32701,601,117,10,1.8378642854958562,1.6638935108153077,151.084,3.2952728283603827,497.863
Early Bird - Google Search,Google Search,Brisbane,Families,1217.1,4916.16,13557,677,118,17,4.99373017629269,2.511078286558346,71.59411764705882,4.039240818338674,289.1858823529412
Last Mile Sales - Email,Email,Sydney,Premium Experience Seekers,385.63,4891.32,5060,431,64,28,8.517786561264822,6.496519721577726,13.772499999999999,12.683971682701035,174.69
Last Mile Sales - Google Search,Google Search,Melbourne,Students,3202.56,4888.700000000001,56054,2360,466,27,4.210225853641131,1.1440677966101696,118.61333333333333,1.5264975519584334,181.06296296296298
Corporate Outreach - Meta Ads,Meta Ads,Melbourne,Corporate Buyers,1845.1299999999999,4882.68,39216,1160,170,21,2.9579763361893106,1.810344827586207,87.86333333333333,2.646252567569765,232.50857142857143
Weekend Boost - Email,Email,Mumbai,Music Enthusiasts,288.86,4793.32,4413,464,72,21,10.514389304328121,4.525862068965517,13.755238095238095,16.593920930554592,228.25333333333333
Summer Launch - Email,Email,Mumbai,Premium Experience Seekers,386.88,4779.45,6573,586,87,18,8.91525939449262,3.0716723549488054,21.493333333333332,12.35383064516129,265.525
Student Offer - Email,Email,Sydney,Music Enthusiasts,340.59,4731.14,6808,718,111,28,10.54641598119859,3.8997214484679668,12.16392857142857,13.891012654511291,168.96928571428572
VIP Upgrade - Retargeting,Retargeting,Delhi,Premium Experience Seekers,567.29,4722.35,9270,650,131,18,7.011866235167206,2.769230769230769,31.51611111111111,8.324401981349927,262.3527777777778
Corporate Outreach - Retargeting,Retargeting,Delhi,Families,845.24,4719.92,11541,739,185,27,6.403257949917684,3.6535859269282813,31.305185185185184,5.584118120297194,174.81185185185186
Early Bird - Sponsorship,Sponsorship,Brisbane,Young Professionals,1267.99,4703.19,20033,377,51,6,1.881894873458793,1.5915119363395225,211.33166666666668,3.7091696306753206,783.8649999999999
Student Offer - Meta Ads,Meta Ads,Bangalore,Music Enthusiasts,1182.95,4701.78,34825,880,145,18,2.5269203158650395,2.0454545454545454,65.71944444444445,3.974622765121095,261.21
Festival Push - Google Search,Google Search,Brisbane,Premium Experience Seekers,1140.71,4685.31,15579,675,158,19,4.332755632582322,2.814814814814815,60.03736842105263,4.107362958157639,246.59526315789475
Festival Push - Influencer,Influencer,Bangalore,Corporate Buyers,1368.0300000000002,4657.860000000001,29959,1134,250,16,3.7851730698621453,1.4109347442680775,85.50187500000001,3.404793754522927,291.11625000000004
Corporate Outreach - Email,Email,Bangalore,Young Professionals,368.7,4652.22,7058,438,107,25,6.205724001133466,5.707762557077626,14.748,12.617900732302687,186.08880000000002
Festival Push - Email,Email,Mumbai,Corporate Buyers,335.23,4650.46,6387,487,104,22,7.624863002974792,4.517453798767967,15.237727272727273,13.87244578349193,211.38454545454545
Summer Launch - Google Search,Google Search,Bangalore,Young Professionals,1385.99,4540.26,24727,1467,228,28,5.932786023375257,1.9086571233810499,49.49964285714286,3.275824500898275,162.15214285714288
Corporate Outreach - Google Search,Google Search,Delhi,Families,1698.98,4507.7,28612,1300,226,28,4.543548161610513,2.1538461538461537,60.67785714285714,2.6531801433801454,160.9892857142857
Summer Launch - Sponsorship,Sponsorship,Sydney,Music Enthusiasts,1657.35,4480.71,23906,381,82,9,1.5937421567807246,2.3622047244094486,184.14999999999998,2.7035387817902072,497.8566666666667
Student Offer - Sponsorship,Sponsorship,Sydney,Corporate Buyers,2361.81,4442.79,44822,656,111,7,1.463566998349025,1.0670731707317074,337.40142857142854,1.881095431046528,634.6842857142857
Last Mile Sales - Google Search,Google Search,Mumbai,Young Professionals,966.69,4424.46,21953,988,159,13,4.500523846399125,1.3157894736842104,74.36076923076924,4.576917108897371,340.3430769230769
Corporate Outreach - Email,Email,Delhi,Music Enthusiasts,269.27,4416.48,5194,483,101,20,9.299191374663073,4.140786749482402,13.4635,16.40167861254503,220.82399999999998
Summer Launch - Meta Ads,Meta Ads,Sydney,Music Enthusiasts,902.97,4396.98,23657,588,107,14,2.485522255569176,2.380952380952381,64.49785714285714,4.869464101797401,314.07
Early Bird - Sponsorship,Sponsorship,Mumbai,Families,1699.79,4379.5,22228,411,68,11,1.8490192549937015,2.67639902676399,154.52636363636364,2.5764947434683108,398.1363636363636
Early Bird - Email,Email,Sydney,Young Professionals,360.17,4375.56,8882,1059,202,31,11.92299031749606,2.927289896128423,11.618387096774194,12.148596496099065,141.14709677419356
Weekend Boost - Sponsorship,Sponsorship,Mumbai,Music Enthusiasts,2137.08,4335.57,36636,578,101,9,1.5776831531826618,1.5570934256055362,237.45333333333332,2.0287354708293557,481.72999999999996
Early Bird - Email,Email,Melbourne,Families,434.42,4316.1,6948,832,134,27,11.974668969487624,3.245192307692308,16.08962962962963,9.935316053588693,159.85555555555558
Weekend Boost - Sponsorship,Sponsorship,Mumbai,Premium Experience Seekers,1557.8,4288.71,31713,546,75,7,1.7216914199224294,1.282051282051282,222.54285714285714,2.753055591218385,612.6728571428572
Last Mile Sales - Meta Ads,Meta Ads,Bangalore,Corporate Buyers,1062.63,4279.76,28080,922,177,14,3.283475783475783,1.5184381778741864,75.90214285714286,4.02751663325899,305.69714285714286
VIP Upgrade - Google Search,Google Search,Melbourne,Corporate Buyers,1031.87,4178.68,18072,829,128,19,4.587206728640992,2.2919179734620023,54.308947368421045,4.049618653512556,219.93052631578948
VIP Upgrade - Google Search,Google Search,Mumbai,Music Enthusiasts,873.31,4151.24,14840,826,164,12,5.566037735849057,1.4527845036319613,72.77583333333332,4.753455244987461,345.93666666666667
Student Offer - Google Search,Google Search,Melbourne,Students,1282.03,4148.65,16040,661,119,19,4.120947630922693,2.8744326777609683,67.47526315789473,3.2360007176119123,218.35
Last Mile Sales - Influencer,Influencer,Brisbane,Premium Experience Seekers,762.43,4058.13,19301,690,144,9,3.5749443034039685,1.3043478260869565,84.71444444444444,5.32262633946723,450.90333333333336
Summer Launch - Retargeting,Retargeting,Brisbane,Students,682.83,4055.06,14755,966,184,37,6.546933242968485,3.8302277432712217,18.454864864864867,5.938608438410731,109.59621621621622
VIP Upgrade - Retargeting,Retargeting,Brisbane,Young Professionals,427.45,4000.29,8509,822,171,20,9.660359619226702,2.4330900243309004,21.3725,9.358498069949702,200.0145
VIP Upgrade - Sponsorship,Sponsorship,Delhi,Families,1689.91,3981.98,23107,526,101,11,2.276366469035357,2.091254752851711,153.62818181818182,2.3563266682841095,361.9981818181818
Last Mile Sales - Email,Email,Melbourne,Corporate Buyers,262.02,3941.79,6583,731,160,17,11.104359714415919,2.3255813953488373,15.412941176470587,15.043851614380582,231.87
Corporate Outreach - Google Search,Google Search,Bangalore,Students,817.82,3894.3,21074,997,121,25,4.730948087690994,2.507522567703109,32.7128,4.7618057763322,155.77200000000002
Early Bird - Meta Ads,Meta Ads,Bangalore,Corporate Buyers,1118.71,3865.45,25852,859,138,12,3.3227603280210425,1.3969732246798603,93.22583333333334,3.4552743785252655,322.12083333333334
Early Bird - Email,Email,Melbourne,Corporate Buyers,288.8,3782.71,6658,798,165,17,11.985581255632322,2.1303258145363406,16.988235294117647,13.098026315789474,222.51235294117646
Weekend Boost - Email,Email,Brisbane,Corporate Buyers,336.61,3757.23,7565,653,141,16,8.631857237276934,2.4502297090352223,21.038125,11.161967855975758,234.826875
VIP Upgrade - Email,Email,Melbourne,Music Enthusiasts,465.95,3719.73,7510,580,131,14,7.723035952063914,2.413793103448276,33.28214285714286,7.9831097757270095,265.695
Summer Launch - Sponsorship,Sponsorship,Mumbai,Premium Experience Seekers,1214.85,3703.5,17769,413,110,8,2.3242726096009902,1.937046004842615,151.85625,3.048524509198667,462.9375
Early Bird - Google Search,Google Search,Sydney,Music Enthusiasts,1323.6,3688.54,22687,1458,246,18,6.426587913783225,1.2345679012345678,73.53333333333333,2.786748262314899,204.9188888888889
Corporate Outreach - Google Search,Google Search,Brisbane,Music Enthusiasts,1156.76,3687.99,20444,766,150,17,3.746820583056153,2.219321148825065,68.04470588235294,3.1882067153082745,216.94058823529411
Festival Push - Sponsorship,Sponsorship,Sydney,Students,1486.84,3676.22,40354,773,165,12,1.9155474054616644,1.5523932729624839,123.90333333333332,2.4725054477953243,306.35166666666663
Student Offer - Meta Ads,Meta Ads,Melbourne,Students,2492.3500000000004,3637.4,44580,1340,206,20,3.00583221175415,1.4925373134328357,124.61750000000002,1.4594258430798241,181.87
Early Bird - Sponsorship,Sponsorship,Bangalore,Corporate Buyers,798.35,3438.79,20448,345,63,5,1.687206572769953,1.4492753623188406,159.67000000000002,4.307371453623097,687.758
VIP Upgrade - Meta Ads,Meta Ads,Melbourne,Corporate Buyers,1193.19,3416.76,24063,667,113,19,2.771890454224328,2.848575712143928,62.79947368421053,2.8635506499384005,179.82947368421054
Last Mile Sales - Google Search,Google Search,Sydney,Students,828.47,3405.48,12395,533,94,15,4.300121016538927,2.8142589118198873,55.23133333333333,4.110565258850652,227.032
Corporate Outreach - Email,Email,Melbourne,Students,490.95,3393.44,11484,976,203,30,8.498780912574016,3.0737704918032787,16.365,6.911986964049293,113.11466666666666
Student Offer - Sponsorship,Sponsorship,Brisbane,Music Enthusiasts,1468.88,3388.97,29753,499,109,7,1.6771418008268073,1.402805611222445,209.84,2.3071796198464134,484.1385714285714
Summer Launch - Google Search,Google Search,Brisbane,Music Enthusiasts,922.29,3384.19,15101,850,150,11,5.628766306867094,1.2941176470588236,83.84454545454545,3.6693339405176246,307.6536363636364
Early Bird - Email,Email,Bangalore,Families,358.39,3360.51,7504,492,60,26,6.556503198294243,5.284552845528456,13.784230769230769,9.376684617316332,129.25038461538463
Corporate Outreach - Sponsorship,Sponsorship,Melbourne,Music Enthusiasts,1691.44,3315.37,32181,717,145,6,2.2280227463410087,0.8368200836820083,281.9066666666667,1.960087262923899,552.5616666666666
Last Mile Sales - Email,Email,Brisbane,Music Enthusiasts,280.07,3267.71,3268,304,54,11,9.30232558139535,3.618421052631579,25.46090909090909,11.66747598814582,297.06454545454545
VIP Upgrade - Meta Ads,Meta Ads,Melbourne,Premium Experience Seekers,994.1,3235.0,18578,486,89,13,2.615997416298848,2.674897119341564,76.46923076923078,3.2541997786942964,248.84615384615384
Summer Launch - Retargeting,Retargeting,Mumbai,Families,587.69,3216.41,10436,788,117,16,7.550785741663472,2.030456852791878,36.730625,5.472970443601217,201.025625
Corporate Outreach - Meta Ads,Meta Ads,Bangalore,Families,2058.28,3198.34,38379,1093,130,19,2.8479116183329425,1.738334858188472,108.33052631578948,1.5538896554404649,168.33368421052631
Corporate Outreach - Retargeting,Retargeting,Melbourne,Corporate Buyers,643.81,3168.5,7584,520,108,12,6.856540084388185,2.307692307692308,53.65083333333333,4.9214830462403505,264.0416666666667
Last Mile Sales - Google Search,Google Search,Mumbai,Families,1598.58,3135.96,28105,976,110,20,3.472691691869774,2.0491803278688523,79.929,1.9617160229703863,156.798
Summer Launch - Retargeting,Retargeting,Mumbai,Music Enthusiasts,251.64,3111.61,3829,336,59,12,8.775137111517367,3.571428571428571,20.97,12.365323477984424,259.30083333333334
Festival Push - Meta Ads,Meta Ads,Brisbane,Corporate Buyers,2488.09,3034.0,35448,912,119,12,2.5727826675693977,1.3157894736842104,207.34083333333334,1.2194092657419948,252.83333333333334
Summer Launch - Meta Ads,Meta Ads,Delhi,Premium Experience Seekers,937.08,3023.84,24890,609,115,15,2.4467657693852956,2.4630541871921183,62.472,3.2268749733213813,201.58933333333334
Corporate Outreach - Email,Email,Sydney,Corporate Buyers,227.96,3018.08,3874,410,68,9,10.583376355188436,2.195121951219512,25.32888888888889,13.239515704509563,335.34222222222223
Festival Push - Influencer,Influencer,Mumbai,Premium Experience Seekers,2065.82,2988.75,47517,1280,222,13,2.693772755013995,1.015625,158.9092307692308,1.446762060586111,229.90384615384616
Corporate Outreach - Sponsorship,Sponsorship,Brisbane,Families,2128.48,2980.51,46770,835,86,7,1.785332478084242,0.8383233532934131,304.06857142857143,1.4002997444185523,425.7871428571429
Last Mile Sales - Google Search,Google Search,Brisbane,Students,564.49,2952.17,11262,562,99,14,4.990232640738768,2.491103202846975,40.32071428571429,5.229800350759092,210.86928571428572
VIP Upgrade - Sponsorship,Sponsorship,Mumbai,Young Professionals,1587.06,2948.85,40676,744,150,6,1.8290884059396204,0.8064516129032258,264.51,1.8580582964727232,491.47499999999997
Corporate Outreach - Influencer,Influencer,Sydney,Premium Experience Seekers,1146.16,2938.94,22947,939,193,10,4.092038174924826,1.0649627263045793,114.61600000000001,2.564162071613038,293.894
Student Offer - Meta Ads,Meta Ads,Melbourne,Corporate Buyers,1114.62,2927.41,26086,796,165,12,3.051445219658054,1.507537688442211,92.88499999999999,2.6263749080404084,243.95083333333332
Festival Push - Retargeting,Retargeting,Delhi,Students,447.74,2914.91,7466,544,97,14,7.286364854004821,2.5735294117647056,31.981428571428573,6.510273819627462,208.20785714285714
Corporate Outreach - Meta Ads,Meta Ads,Bangalore,Music Enthusiasts,1136.42,2891.4,14291,474,95,12,3.3167727940661953,2.5316455696202533,94.70166666666667,2.5443058024321994,240.95000000000002
Early Bird - Meta Ads,Meta Ads,Sydney,Families,1025.75,2867.16,17245,538,37,11,3.119744853580748,2.0446096654275094,93.25,2.795184011698757,260.65090909090907
Corporate Outreach - Meta Ads,Meta Ads,Melbourne,Families,2691.7,2850.42,51847,1085,139,21,2.092695816537119,1.935483870967742,128.17619047619047,1.0589664524278337,135.7342857142857
Weekend Boost - Retargeting,Retargeting,Sydney,Students,547.77,2848.66,7412,475,100,20,6.408526713437669,4.2105263157894735,27.3885,5.200467349434982,142.433
Corporate Outreach - Email,Email,Sydney,Music Enthusiasts,308.15,2835.06,4629,401,75,16,8.662778137826745,3.99002493765586,19.259375,9.200259613824437,177.19125
Student Offer - Email,Email,Melbourne,Students,378.74,2820.81,5931,684,147,19,11.532625189681335,2.7777777777777777,19.933684210526316,7.447879812008238,148.4636842105263
Last Mile Sales - Sponsorship,Sponsorship,Brisbane,Young Professionals,1477.6,2800.56,20351,279,50,5,1.3709400029482581,1.7921146953405016,295.52,1.895343800757986,560.112
Festival Push - Sponsorship,Sponsorship,Melbourne,Premium Experience Seekers,1525.98,2798.41,22492,301,66,4,1.3382536012804553,1.3289036544850499,381.495,1.8338444802684175,699.6025
Early Bird - Meta Ads,Meta Ads,Melbourne,Students,2964.1,2697.1400000000003,59296,1517,241,24,2.5583513221802483,1.5820698747528017,123.50416666666666,0.9099355622279951,112.38083333333334
Festival Push - Meta Ads,Meta Ads,Bangalore,Corporate Buyers,914.02,2670.99,18653,510,112,10,2.7341446416126094,1.9607843137254901,91.402,2.9222445898339204,267.099
Early Bird - Retargeting,Retargeting,Melbourne,Families,191.67,2621.11,4435,330,51,12,7.440811724915446,3.6363636363636362,15.972499999999998,13.675118693587939,218.42583333333334
Festival Push - LinkedIn Ads,LinkedIn Ads,Bangalore,Students,2404.06,2592.7200000000003,45036,440,83,8,0.9769961808331112,1.8181818181818181,300.5075,1.0784755788125089,324.09000000000003
Last Mile Sales - Meta Ads,Meta Ads,Mumbai,Music Enthusiasts,979.68,2548.31,21589,556,121,15,2.5753856130436796,2.697841726618705,65.312,2.6011656867548587,169.88733333333332
Last Mile Sales - LinkedIn Ads,LinkedIn Ads,Bangalore,Music Enthusiasts,970.08,2510.35,20367,336,66,5,1.6497275003682428,1.488095238095238,194.01600000000002,2.587776265874979,502.07
VIP Upgrade - Email,Email,Melbourne,Families,249.22,2479.16,5113,464,61,14,9.074907099550167,3.0172413793103448,17.80142857142857,9.947676751464568,177.08285714285714
Summer Launch - Email,Email,Mumbai,Young Professionals,400.12,2447.88,8020,770,139,17,9.600997506234414,2.207792207792208,23.536470588235293,6.117864640607817,143.9929411764706
Student Offer - Google Search,Google Search,Brisbane,Corporate Buyers,1321.27,2417.84,20464,969,179,7,4.735144644253323,0.7223942208462332,188.75285714285715,1.829936349118651,345.4057142857143
VIP Upgrade - LinkedIn Ads,LinkedIn Ads,Sydney,Corporate Buyers,1043.64,2381.07,23851,369,65,4,1.5471049431889647,1.084010840108401,260.91,2.2815051167069105,595.2675
Last Mile Sales - Email,Email,Melbourne,Families,196.65,2357.09,4432,391,50,14,8.822202166064983,3.580562659846547,14.046428571428573,11.986219171116197,168.36357142857145
Last Mile Sales - Sponsorship,Sponsorship,Brisbane,Families,1706.3,2343.18,40325,742,53,4,1.8400495970241786,0.5390835579514826,426.575,1.3732520658735274,585.795
Weekend Boost - Sponsorship,Sponsorship,Melbourne,Premium Experience Seekers,1178.69,2288.14,17979,407,80,4,2.2637521552922855,0.9828009828009828,294.6725,1.9412568190109356,572.035
Festival Push - Email,Email,Melbourne,Corporate Buyers,434.47,2258.29,7224,698,85,9,9.662236987818384,1.2893982808022924,48.27444444444445,5.197804221235067,250.92111111111112
Weekend Boost - Email,Email,Bangalore,Students,430.46,2219.35,8227,892,139,15,10.842348365139177,1.6816143497757847,28.697333333333333,5.155763601728384,147.95666666666665
VIP Upgrade - Meta Ads,Meta Ads,Delhi,Students,1311.89,2207.48,28743,1016,169,13,3.5347736840274155,1.279527559055118,100.91461538461539,1.6826715654513715,169.80615384615385
Weekend Boost - Sponsorship,Sponsorship,Brisbane,Music Enthusiasts,1402.82,2175.63,18330,306,70,5,1.6693944353518821,1.6339869281045754,280.56399999999996,1.550897477937298,435.12600000000003
Early Bird - Email,Email,Delhi,Young Professionals,240.49,2168.83,3881,315,63,11,8.11646482865241,3.492063492063492,21.862727272727273,9.01837914258389,197.16636363636363
Weekend Boost - Meta Ads,Meta Ads,Brisbane,Premium Experience Seekers,1418.22,2151.04,29399,976,138,11,3.319840810911936,1.1270491803278688,128.92909090909092,1.5167181396398302,195.5490909090909
VIP Upgrade - Meta Ads,Meta Ads,Delhi,Young Professionals,1899.78,2127.69,35037,769,147,11,2.1948226160915607,1.4304291287386215,172.70727272727274,1.1199665224394404,193.42636363636365
Last Mile Sales - Meta Ads,Meta Ads,Bangalore,Young Professionals,1237.1,2117.56,27604,815,115,10,2.952470656426605,1.2269938650306749,123.71,1.7117128768894998,211.756
Summer Launch - Google Search,Google Search,Delhi,Young Professionals,1432.41,2080.43,27125,1380,288,11,5.087557603686636,0.7971014492753623,130.2190909090909,1.452398405484463,189.13
VIP Upgrade - Meta Ads,Meta Ads,Sydney,Premium Experience Seekers,1204.86,2078.93,22486,743,151,12,3.3042782175575915,1.6150740242261103,100.40499999999999,1.7254535796690071,173.24416666666664
Corporate Outreach - Influencer,Influencer,Sydney,Young Professionals,1078.91,2067.36,21959,754,158,8,3.4336718429800994,1.0610079575596816,134.86375,1.9161561205290525,258.42
Student Offer - Influencer,Influencer,Sydney,Families,2267.34,2055.2200000000003,45504,1207,279,10,2.652514064697609,0.8285004142502072,226.734,0.9064454382668679,205.52200000000002
Last Mile Sales - Sponsorship,Sponsorship,Mumbai,Families,1507.51,2027.19,27755,469,70,5,1.6897856242118536,1.0660980810234542,301.502,1.3447273981598795,405.438
Corporate Outreach - Influencer,Influencer,Bangalore,Families,694.84,2023.24,16966,566,95,10,3.3360839325710248,1.76678445229682,69.48400000000001,2.911807034713027,202.324
Festival Push - Email,Email,Melbourne,Students,387.46,1997.01,9055,602,114,18,6.6482606294864715,2.990033222591362,21.525555555555556,5.15410623032055,110.945
VIP Upgrade - Meta Ads,Meta Ads,Sydney,Families,1637.47,1974.8,29255,755,177,13,2.580755426422834,1.7218543046357615,125.95923076923077,1.2060068276060019,151.90769230769232
Weekend Boost - Meta Ads,Meta Ads,Brisbane,Music Enthusiasts,1015.88,1956.23,23664,632,97,8,2.6707234617985125,1.2658227848101267,126.985,1.9256506674016616,244.52875
Student Offer - Google Search,Google Search,Brisbane,Students,783.92,1929.09,11514,656,87,9,5.697411846447803,1.3719512195121952,87.10222222222222,2.4608250841922645,214.34333333333333
Early Bird - Influencer,Influencer,Bangalore,Music Enthusiasts,1687.69,1913.69,25915,876,182,10,3.3802816901408446,1.141552511415525,168.769,1.1339108485563107,191.369
Weekend Boost - LinkedIn Ads,LinkedIn Ads,Bangalore,Families,1154.32,1905.37,24182,256,32,6,1.0586386568522042,2.34375,192.38666666666666,1.650642802689029,317.56166666666667
Early Bird - Sponsorship,Sponsorship,Sydney,Young Professionals,697.79,1871.11,16361,357,55,4,2.182018214045596,1.1204481792717087,174.4475,2.681480101463191,467.7775
Festival Push - Meta Ads,Meta Ads,Bangalore,Music Enthusiasts,1185.74,1858.8,25571,641,79,7,2.50674592311603,1.0920436817472698,169.39142857142858,1.5676286538364228,265.54285714285714
Last Mile Sales - Influencer,Influencer,Sydney,Young Professionals,760.02,1831.82,13006,426,75,6,3.2754113486083347,1.4084507042253522,126.67,2.410226046682982,305.30333333333334
Festival Push - Meta Ads,Meta Ads,Sydney,Premium Experience Seekers,935.99,1823.75,13441,392,73,7,2.916449668923443,1.7857142857142856,133.71285714285713,1.9484716717058943,260.5357142857143
Corporate Outreach - Meta Ads,Meta Ads,Mumbai,Premium Experience Seekers,743.1,1813.71,14423,378,73,9,2.6208139776745476,2.380952380952381,82.56666666666666,2.4407347597900686,201.52333333333334
Last Mile Sales - Meta Ads,Meta Ads,Sydney,Corporate Buyers,809.97,1806.99,13226,280,60,6,2.1170421896264933,2.142857142857143,134.995,2.23093447905478,301.165
Weekend Boost - Meta Ads,Meta Ads,Melbourne,Premium Experience Seekers,677.71,1805.31,15359,415,87,10,2.701998828048701,2.4096385542168677,67.771,2.6638385149990405,180.531
Early Bird - LinkedIn Ads,LinkedIn Ads,Bangalore,Students,905.14,1791.31,19763,294,60,5,1.4876283964985073,1.7006802721088436,181.028,1.9790419161676647,358.262
Corporate Outreach - Influencer,Influencer,Melbourne,Young Professionals,1328.55,1778.54,25170,575,89,7,2.284465633690902,1.2173913043478262,189.79285714285714,1.3387076135636597,254.07714285714286
Last Mile Sales - LinkedIn Ads,LinkedIn Ads,Sydney,Corporate Buyers,943.25,1762.27,21989,291,53,3,1.3233889672108783,1.0309278350515463,314.4166666666667,1.8682957858468063,587.4233333333333
VIP Upgrade - Email,Email,Delhi,Families,314.1,1747.27,5573,450,87,12,8.074645612775884,2.666666666666667,26.175,5.562782553326966,145.60583333333332
Corporate Outreach - Influencer,Influencer,Melbourne,Corporate Buyers,703.01,1743.26,12441,400,77,5,3.2151756289687325,1.25,140.602,2.4797086812420877,348.652
VIP Upgrade - Influencer,Influencer,Delhi,Music Enthusiasts,789.07,1720.47,19658,610,107,9,3.1030623664665784,1.4754098360655739,87.67444444444445,2.1803768993878867,191.16333333333333
Corporate Outreach - Meta Ads,Meta Ads,Melbourne,Premium Experience Seekers,671.8,1719.97,14294,295,56,5,2.063802994263327,1.694915254237288,134.35999999999999,2.56024114319738,343.994
Early Bird - Meta Ads,Meta Ads,Delhi,Corporate Buyers,828.52,1719.1,16056,539,124,7,3.3570004982561032,1.2987012987012987,118.36,2.0749046492540915,245.58571428571426
Student Offer - Email,Email,Sydney,Students,128.48,1715.77,2455,272,49,10,11.079429735234216,3.6764705882352944,12.847999999999999,13.354374221668744,171.577
Last Mile Sales - Meta Ads,Meta Ads,Delhi,Young Professionals,1165.39,1695.5,25919,667,133,9,2.5734017516107874,1.3493253373313343,129.48777777777778,1.454877766241344,188.38888888888889
Student Offer - LinkedIn Ads,LinkedIn Ads,Melbourne,Premium Experience Seekers,756.95,1691.37,17564,252,56,3,1.4347529036665907,1.1904761904761905,252.3166666666667,2.2344540590527773,563.79
Weekend Boost - LinkedIn Ads,LinkedIn Ads,Mumbai,Families,2152.1,1681.1200000000001,38964,491,100,6,1.2601375628785545,1.2219959266802443,358.68333333333334,0.7811532921332652,280.18666666666667
Festival Push - Email,Email,Mumbai,Families,129.6,1663.2,2907,223,34,10,7.671138630890953,4.484304932735426,12.959999999999999,12.833333333333334,166.32
Last Mile Sales - LinkedIn Ads,LinkedIn Ads,Bangalore,Young Professionals,842.08,1658.05,19831,333,55,4,1.6791891483031618,1.2012012012012012,210.52,1.968993444803344,414.5125
VIP Upgrade - Email,Email,Mumbai,Students,190.8,1646.69,3421,366,48,14,10.698626132709734,3.825136612021858,13.62857142857143,8.630450733752621,117.62071428571429
Festival Push - Meta Ads,Meta Ads,Brisbane,Families,1160.96,1624.03,21376,588,121,8,2.750748502994012,1.3605442176870748,145.12,1.398868178059537,203.00375
Weekend Boost - Meta Ads,Meta Ads,Melbourne,Young Professionals,1005.05,1603.79,23938,740,129,13,3.091319241373548,1.7567567567567568,77.31153846153846,1.595731555643998,123.36846153846153
Early Bird - Meta Ads,Meta Ads,Delhi,Students,1322.91,1566.95,29820,912,184,17,3.058350100603622,1.8640350877192982,77.81823529411766,1.1844721107255973,92.1735294117647
Festival Push - Meta Ads,Meta Ads,Bangalore,Students,931.0,1566.0,20843,548,93,9,2.6291800604519504,1.6423357664233578,103.44444444444444,1.682062298603652,174.0
Festival Push - Email,Email,Sydney,Families,255.86,1563.85,5219,350,64,11,6.706265568116497,3.1428571428571432,23.26,6.11213163448761,142.1681818181818
Festival Push - Sponsorship,Sponsorship,Mumbai,Families,1521.97,1540.35,32212,733,163,4,2.2755494846641007,0.5457025920873124,380.4925,1.0120764535437623,385.0875
Student Offer - Influencer,Influencer,Delhi,Premium Experience Seekers,805.9,1536.88,15982,533,100,6,3.3350018771117504,1.125703564727955,134.31666666666666,1.9070356123588537,256.1466666666667
Last Mile Sales - Retargeting,Retargeting,Brisbane,Families,573.03,1498.87,10048,560,79,7,5.573248407643312,1.25,81.86142857142856,2.6156920231052476,214.1242857142857
Early Bird - Influencer,Influencer,Sydney,Premium Experience Seekers,550.93,1474.25,8740,294,51,4,3.363844393592677,1.3605442176870748,137.7325,2.675929791443559,368.5625
Early Bird - Meta Ads,Meta Ads,Brisbane,Families,1342.9,1428.04,30413,823,134,8,2.7060796369973366,0.9720534629404617,167.8625,1.0634001042519918,178.505
Last Mile Sales - Influencer,Influencer,Brisbane,Music Enthusiasts,621.88,1426.59,16431,605,92,7,3.682064390481407,1.1570247933884297,88.84,2.29399562616582,203.79857142857142
Corporate Outreach - Meta Ads,Meta Ads,Mumbai,Corporate Buyers,751.35,1421.22,21514,630,129,7,2.9283257413777077,1.1111111111111112,107.33571428571429,1.89155520063885,203.03142857142856
Summer Launch - Influencer,Influencer,Melbourne,Music Enthusiasts,1126.18,1419.45,16297,540,77,6,3.3134932809719584,1.1111111111111112,187.6966666666667,1.2604113019233159,236.57500000000002
Early Bird - LinkedIn Ads,LinkedIn Ads,Sydney,Premium Experience Seekers,1203.59,1412.25,25227,334,68,3,1.3239782772426367,0.8982035928143712,401.19666666666666,1.1733646839870722,470.75
Summer Launch - Email,Email,Mumbai,Families,397.78,1401.19,4875,443,73,10,9.087179487179489,2.2573363431151243,39.778,3.5225250138267388,140.119
Early Bird - Influencer,Influencer,Mumbai,Corporate Buyers,620.64,1385.93,10326,321,76,6,3.1086577571179546,1.8691588785046727,103.44,2.2330658674916215,230.98833333333334
Corporate Outreach - Influencer,Influencer,Mumbai,Corporate Buyers,651.48,1379.72,15916,569,103,4,3.5750188489570243,0.7029876977152899,162.87,2.1178240314361148,344.93
Festival Push - LinkedIn Ads,LinkedIn Ads,Mumbai,Premium Experience Seekers,961.35,1362.82,21090,332,48,3,1.5742057847321005,0.9036144578313252,320.45,1.4176106516877307,454.2733333333333
Corporate Outreach - Email,Email,Sydney,Students,106.99,1347.36,1804,170,29,8,9.42350332594235,4.705882352941177,13.37375,12.593326479110196,168.42
Summer Launch - Meta Ads,Meta Ads,Sydney,Corporate Buyers,725.27,1322.15,15914,330,59,5,2.0736458464245318,1.5151515151515151,145.054,1.8229762709060076,264.43
Summer Launch - Influencer,Influencer,Brisbane,Music Enthusiasts,794.63,1312.93,17756,620,128,6,3.491777427348502,0.967741935483871,132.43833333333333,1.6522532499402238,218.8216666666667
Summer Launch - Meta Ads,Meta Ads,Delhi,Corporate Buyers,557.13,1302.58,9761,244,40,4,2.499743878700953,1.639344262295082,139.2825,2.3380180568269524,325.645
Last Mile Sales - Influencer,Influencer,Sydney,Premium Experience Seekers,960.66,1285.45,14603,438,78,5,2.9993836882832294,1.141552511415525,192.132,1.3380904794620365,257.09000000000003
VIP Upgrade - Influencer,Influencer,Mumbai,Premium Experience Seekers,647.96,1282.75,10043,382,83,3,3.80364432938365,0.7853403141361256,215.98666666666668,1.9796746712760045,427.5833333333333
Weekend Boost - Meta Ads,Meta Ads,Brisbane,Students,909.01,1267.24,23555,532,84,7,2.2585438335809807,1.3157894736842104,129.85857142857142,1.3940880738385717,181.03428571428572
Weekend Boost - Meta Ads,Meta Ads,Melbourne,Students,1244.67,1256.95,24732,731,126,12,2.955684942584506,1.6415868673050615,103.72250000000001,1.0098660689178658,104.74583333333334
Student Offer - LinkedIn Ads,LinkedIn Ads,Sydney,Premium Experience Seekers,920.32,1253.8,18358,189,25,2,1.0295239132803138,1.0582010582010581,460.16,1.3623522253129345,626.9
Corporate Outreach - Sponsorship,Sponsorship,Bangalore,Music Enthusiasts,1156.82,1251.21,21958,227,39,2,1.0337917843155113,0.881057268722467,578.41,1.081594370775056,625.605
Festival Push - Google Search,Google Search,Delhi,Families,396.26,1243.34,8724,396,71,6,4.53920220082531,1.5151515151515151,66.04333333333334,3.1376873769747133,207.22333333333333
Last Mile Sales - LinkedIn Ads,LinkedIn Ads,Brisbane,Corporate Buyers,902.97,1191.06,15123,195,30,2,1.2894267010513787,1.0256410256410255,451.485,1.3190471444234027,595.53
Festival Push - LinkedIn Ads,LinkedIn Ads,Melbourne,Young Professionals,885.93,1155.47,16947,220,41,3,1.2981648669381012,1.3636363636363635,295.31,1.3042452563972324,385.1566666666667
Student Offer - LinkedIn Ads,LinkedIn Ads,Melbourne,Corporate Buyers,1583.21,1147.21,35751,529,85,3,1.479678890100976,0.5671077504725899,527.7366666666667,0.7246101275257231,382.40333333333336
Student Offer - Meta Ads,Meta Ads,Brisbane,Music Enthusiasts,1089.03,1143.97,18442,425,91,4,2.3045222860861077,0.9411764705882352,272.2575,1.0504485643187056,285.9925
Student Offer - Google Search,Google Search,Brisbane,Families,1397.11,1142.12,32556,1447,242,6,4.444649219805872,0.414651002073255,232.85166666666666,0.8174875278252964,190.35333333333332
Weekend Boost - Email,Email,Sydney,Families,397.82,1134.82,7386,714,132,9,9.66693744922827,1.2605042016806722,44.20222222222222,2.8525966517520485,126.0911111111111
Student Offer - Meta Ads,Meta Ads,Delhi,Young Professionals,977.73,1125.46,17175,515,87,6,2.9985443959243083,1.1650485436893203,162.955,1.1510948830454215,187.57666666666668
Summer Launch - Sponsorship,Sponsorship,Delhi,Students,956.08,1122.36,16554,314,69,6,1.8968225202368005,1.910828025477707,159.34666666666666,1.1739185005438875,187.05999999999997
Summer Launch - Meta Ads,Meta Ads,Bangalore,Families,2679.37,1120.38,56646,1105,199,9,1.9507114359354587,0.8144796380090499,297.7077777777778,0.41815053538705,124.48666666666668
Last Mile Sales - LinkedIn Ads,LinkedIn Ads,Melbourne,Families,749.55,1115.72,16974,210,39,3,1.2371862849063273,1.4285714285714286,249.85,1.4885197785337871,371.9066666666667
Corporate Outreach - Meta Ads,Meta Ads,Delhi,Families,894.8,1114.28,16871,439,61,6,2.6020982751467017,1.366742596810934,149.13333333333333,1.2452838623156013,185.71333333333334
Early Bird - LinkedIn Ads,LinkedIn Ads,Melbourne,Music Enthusiasts,1090.72,1093.85,23493,334,60,3,1.4217000808751543,0.8982035928143712,363.5733333333333,1.0028696640751062,364.6166666666666
Early Bird - Meta Ads,Meta Ads,Melbourne,Young Professionals,970.54,1084.07,19619,324,47,5,1.6514603190784443,1.5432098765432098,194.108,1.1169761163888146,216.814
Summer Launch - Influencer,Influencer,Brisbane,Students,791.12,1071.94,15175,310,61,4,2.042833607907743,1.2903225806451613,197.78,1.354965112751542,267.985
Summer Launch - LinkedIn Ads,LinkedIn Ads,Mumbai,Young Professionals,877.63,1060.95,17136,252,56,3,1.4705882352941175,1.1904761904761905,292.54333333333335,1.2088807356175155,353.65000000000003
Corporate Outreach - LinkedIn Ads,LinkedIn Ads,Melbourne,Families,672.51,1059.25,17137,219,56,3,1.277936628348019,1.36986301369863,224.17,1.575069515694934,353.0833333333333
Festival Push - Meta Ads,Meta Ads,Melbourne,Young Professionals,798.15,1059.21,22102,717,131,6,3.2440503121889424,0.8368200836820083,133.025,1.327081375681263,176.535
VIP Upgrade - LinkedIn Ads,LinkedIn Ads,Sydney,Music Enthusiasts,916.41,1058.71,17130,233,39,5,1.3601868067717455,2.1459227467811157,183.28199999999998,1.1552798419921215,211.74200000000002
Student Offer - Influencer,Influencer,Melbourne,Corporate Buyers,457.39,1040.8,7644,240,33,3,3.139717425431711,1.25,152.46333333333334,2.2755197971096877,346.93333333333334
Early Bird - Influencer,Influencer,Bangalore,Families,766.88,1039.02,19542,610,102,5,3.1214819363422373,0.819672131147541,153.376,1.3548664719382433,207.804
Summer Launch - Sponsorship,Sponsorship,Brisbane,Students,1176.42,1032.65,22298,402,71,3,1.8028522737465242,0.7462686567164178,392.14000000000004,0.8777902449805342,344.2166666666667
Last Mile Sales - LinkedIn Ads,LinkedIn Ads,Mumbai,Premium Experience Seekers,958.32,995.6,9912,154,19,2,1.5536723163841808,1.2987012987012987,479.16,1.0389014108022372,497.8
Weekend Boost - Meta Ads,Meta Ads,Sydney,Corporate Buyers,874.13,979.47,15145,427,51,5,2.819412347309343,1.1709601873536302,174.826,1.1205083912003935,195.894
Festival Push - Email,Email,Delhi,Families,281.16,972.98,6165,379,57,10,6.147607461476075,2.638522427440633,28.116000000000003,3.4605918338312702,97.298
Festival Push - Meta Ads,Meta Ads,Sydney,Music Enthusiasts,1003.74,951.21,16463,417,106,6,2.5329526817712447,1.4388489208633095,167.29,0.9476657301691673,158.535
Corporate Outreach - Meta Ads,Meta Ads,Sydney,Families,1549.77,948.8699999999999,26425,569,115,5,2.153263954588458,0.8787346221441126,309.954,0.6122650457809868,189.77399999999997
Early Bird - Meta Ads,Meta Ads,Sydney,Corporate Buyers,601.56,933.28,9638,291,57,5,3.019298609670056,1.718213058419244,120.31199999999998,1.5514329410200147,186.656
Student Offer - Meta Ads,Meta Ads,Bangalore,Young Professionals,809.96,924.36,17725,432,71,6,2.4372355430183354,1.3888888888888888,134.99333333333334,1.1412415427922367,154.06
Last Mile Sales - Meta Ads,Meta Ads,Melbourne,Premium Experience Seekers,943.28,922.42,13677,353,60,4,2.580975360093588,1.13314447592068,235.82,0.9778856755152234,230.605
Corporate Outreach - Meta Ads,Meta Ads,Melbourne,Music Enthusiasts,731.72,918.8,14138,508,68,6,3.5931532041307115,1.1811023622047243,121.95333333333333,1.2556715683594817,153.13333333333333
Early Bird - Influencer,Influencer,Bangalore,Young Professionals,1074.59,915.49,24866,596,117,6,2.3968471004584573,1.006711409395973,179.09833333333333,0.8519435319517212,152.58166666666668
Student Offer - Influencer,Influencer,Sydney,Students,675.35,906.3,14512,517,90,5,3.562568908489526,0.9671179883945842,135.07,1.341970829940031,181.26
Early Bird - LinkedIn Ads,LinkedIn Ads,Sydney,Young Professionals,963.88,897.68,21464,195,25,3,0.9084979500559075,1.5384615384615385,321.29333333333335,0.9313192513590903,299.22666666666663
Last Mile Sales - Meta Ads,Meta Ads,Brisbane,Families,851.91,895.26,19995,474,77,5,2.3705926481620407,1.0548523206751055,170.382,1.0508856569355918,179.052
Early Bird - LinkedIn Ads,LinkedIn Ads,Delhi,Students,917.68,849.85,17576,268,28,2,1.5248065543923532,0.7462686567164178,458.84,0.9260853456542586,424.925
Festival Push - Meta Ads,Meta Ads,Delhi,Students,1019.08,848.26,23196,578,107,6,2.491808932574582,1.0380622837370241,169.84666666666666,0.832378223495702,141.37666666666667
Last Mile Sales - LinkedIn Ads,LinkedIn Ads,Mumbai,Families,915.51,834.61,20662,323,40,4,1.563256219146259,1.238390092879257,228.8775,0.9116339526602659,208.6525
Weekend Boost - Sponsorship,Sponsorship,Bangalore,Young Professionals,915.84,833.12,11183,161,24,2,1.4396852365197175,1.2422360248447204,457.92,0.9096785464709993,416.56
Weekend Boost - Meta Ads,Meta Ads,Brisbane,Families,827.11,823.25,20858,488,105,4,2.3396298782241827,0.819672131147541,206.7775,0.9953331479488823,205.8125
Summer Launch - Meta Ads,Meta Ads,Bangalore,Students,1013.84,822.39,18367,456,113,5,2.482713562367289,1.0964912280701753,202.768,0.811163497198769,164.478
Early Bird - Meta Ads,Meta Ads,Bangalore,Young Professionals,757.38,793.11,14617,254,53,4,1.7377026749675037,1.574803149606299,189.345,1.047175790224194,198.2775
Summer Launch - Meta Ads,Meta Ads,Melbourne,Students,1047.14,780.56,21552,563,121,8,2.612286562731997,1.4209591474245116,130.8925,0.7454208606299061,97.57
Summer Launch - Meta Ads,Meta Ads,Melbourne,Young Professionals,922.19,774.32,13958,270,55,5,1.934374552228113,1.8518518518518516,184.43800000000002,0.8396534336741887,154.864
Corporate Outreach - Meta Ads,Meta Ads,Sydney,Music Enthusiasts,931.17,772.77,21445,555,90,5,2.588015854511541,0.9009009009009009,186.23399999999998,0.8298914269145269,154.554
Early Bird - Meta Ads,Meta Ads,Bangalore,Families,706.36,767.25,15256,344,57,5,2.2548505506030416,1.4534883720930232,141.272,1.0862025029729883,153.45
VIP Upgrade - Influencer,Influencer,Brisbane,Students,889.18,750.92,18045,484,68,4,2.6821834303131062,0.8264462809917356,222.295,0.8445084234913066,187.73
Early Bird - Influencer,Influencer,Mumbai,Young Professionals,887.33,748.61,19591,487,99,4,2.485835332550661,0.8213552361396305,221.8325,0.8436658289475167,187.1525
Last Mile Sales - Influencer,Influencer,Sydney,Families,899.16,744.12,17130,599,89,4,3.4967892586106246,0.667779632721202,224.79,0.8275724009075137,186.03
Corporate Outreach - LinkedIn Ads,LinkedIn Ads,Melbourne,Corporate Buyers,852.65,732.83,19041,242,28,2,1.270941652224148,0.8264462809917356,426.325,0.8594734064387498,366.415
VIP Upgrade - Influencer,Influencer,Delhi,Students,838.47,732.02,13553,486,86,5,3.585921936102708,1.02880658436214,167.69400000000002,0.8730425656254844,146.404
Corporate Outreach - Sponsorship,Sponsorship,Brisbane,Students,732.35,722.74,14967,323,57,2,2.1580811117792473,0.6191950464396285,366.175,0.9868778589472247,361.37
VIP Upgrade - Meta Ads,Meta Ads,Brisbane,Families,760.42,719.53,17133,461,60,4,2.6907138271172593,0.8676789587852495,190.105,0.9462270850319561,179.8825
VIP Upgrade - Meta Ads,Meta Ads,Brisbane,Music Enthusiasts,770.82,705.77,12767,311,61,3,2.435967729302107,0.964630225080386,256.94,0.9156093510806672,235.25666666666666
Summer Launch - Meta Ads,Meta Ads,Melbourne,Music Enthusiasts,1007.84,704.46,12062,341,48,5,2.827060189023379,1.466275659824047,201.568,0.6989799968248929,140.892
Festival Push - Meta Ads,Meta Ads,Bangalore,Young Professionals,558.5,682.56,8625,231,48,3,2.6782608695652175,1.2987012987012987,186.16666666666666,1.2221307072515666,227.51999999999998
VIP Upgrade - Meta Ads,Meta Ads,Mumbai,Music Enthusiasts,1072.27,678.63,11245,321,58,3,2.8546020453534906,0.9345794392523363,357.42333333333335,0.6328909696251876,226.21
Festival Push - Influencer,Influencer,Melbourne,Music Enthusiasts,1462.08,675.66,22359,617,107,3,2.75951518404222,0.48622366288492713,487.35999999999996,0.46212245567957977,225.22
Festival Push - Influencer,Influencer,Bangalore,Music Enthusiasts,930.95,669.43,17874,483,97,4,2.7022490768714333,0.8281573498964804,232.7375,0.7190826575004027,167.3575
Student Offer - Meta Ads,Meta Ads,Brisbane,Families,1367.27,650.66,26864,752,166,5,2.799285288862418,0.6648936170212766,273.454,0.4758825981700761,130.132
Last Mile Sales - Influencer,Influencer,Brisbane,Corporate Buyers,773.11,630.94,13095,319,63,2,2.4360442917143947,0.6269592476489028,386.555,0.8161063755481109,315.47
Student Offer - Influencer,Influencer,Bangalore,Families,884.82,619.33,18389,394,97,3,2.1425852411767905,0.7614213197969544,294.94,0.6999502723717819,206.44333333333336
Last Mile Sales - Meta Ads,Meta Ads,Delhi,Premium Experience Seekers,874.18,612.3,16656,322,62,2,1.9332372718539867,0.6211180124223602,437.09,0.7004278295087968,306.15
Student Offer - LinkedIn Ads,LinkedIn Ads,Brisbane,Students,975.09,608.29,18902,289,55,2,1.5289387366416254,0.6920415224913495,487.545,0.6238295952168518,304.145
Corporate Outreach - Meta Ads,Meta Ads,Delhi,Students,888.74,602.95,18982,496,64,10,2.613001791170583,2.0161290322580645,88.874,0.6784323874248938,60.295
Early Bird - Influencer,Influencer,Melbourne,Families,813.27,587.98,17909,412,99,3,2.3005192919761015,0.7281553398058253,271.09,0.7229825273279477,195.99333333333334
Summer Launch - Influencer,Influencer,Mumbai,Corporate Buyers,575.63,568.3,11544,358,63,3,3.1011781011781014,0.8379888268156425,191.87666666666667,0.9872661258099821,189.4333333333333
VIP Upgrade - Meta Ads,Meta Ads,Mumbai,Corporate Buyers,707.03,519.73,11186,268,38,2,2.3958519578043984,0.7462686567164178,353.515,0.7350890344115526,259.865
Summer Launch - Sponsorship,Sponsorship,Bangalore,Corporate Buyers,675.3,513.07,13190,194,34,1,1.470811220621683,0.5154639175257731,675.3,0.7597660299126315,513.07
Student Offer - LinkedIn Ads,LinkedIn Ads,Melbourne,Students,898.25,459.4,17321,231,40,2,1.3336412447318284,0.8658008658008658,449.125,0.5114389089897021,229.7
Student Offer - Influencer,Influencer,Delhi,Families,760.88,449.44,15998,534,134,2,3.337917239654957,0.37453183520599254,380.44,0.5906844706129745,224.72
Weekend Boost - Meta Ads,Meta Ads,Delhi,Corporate Buyers,630.24,448.73,12843,270,27,3,2.102312543798178,1.1111111111111112,210.08,0.7119986037065246,149.57666666666668
Festival Push - LinkedIn Ads,LinkedIn Ads,Sydney,Families,950.28,408.24,18313,123,20,2,0.6716540162725932,1.6260162601626018,475.14,0.42959969693143074,204.12
Summer Launch - Influencer,Influencer,Mumbai,Families,1012.41,403.14,21102,633,122,2,2.9997156667614444,0.315955766192733,506.205,0.3981983583725961,201.57
Summer Launch - LinkedIn Ads,LinkedIn Ads,Bangalore,Young Professionals,703.36,399.63,7664,119,20,1,1.552713987473904,0.8403361344537815,703.36,0.5681727707006369,399.63
Early Bird - Influencer,Influencer,Delhi,Families,695.32,397.26,12993,365,44,2,2.8092049565150465,0.547945205479452,347.66,0.5713340620146119,198.63
Summer Launch - LinkedIn Ads,LinkedIn Ads,Sydney,Corporate Buyers,621.12,394.47,11757,212,27,1,1.8031810836097644,0.4716981132075472,621.12,0.6350946676970635,394.47
Corporate Outreach - LinkedIn Ads,LinkedIn Ads,Sydney,Young Professionals,697.79,387.31,12369,171,31,1,1.3824884792626728,0.5847953216374269,697.79,0.5550523796557704,387.31
Corporate Outreach - Meta Ads,Meta Ads,Melbourne,Students,1299.86,372.4,20607,547,111,2,2.6544378123938466,0.3656307129798903,649.93,0.2864923914883141,186.2
Early Bird - LinkedIn Ads,LinkedIn Ads,Sydney,Families,626.42,366.9,13238,150,25,1,1.133101676990482,0.6666666666666667,626.42,0.5857092685418729,366.9
Summer Launch - LinkedIn Ads,LinkedIn Ads,Brisbane,Families,597.55,363.81,11814,196,28,1,1.659048586422888,0.5102040816326531,597.55,0.6088360806627061,363.81
Early Bird - LinkedIn Ads,LinkedIn Ads,Melbourne,Corporate Buyers,693.58,360.34,10898,142,20,1,1.3029913745641402,0.7042253521126761,693.58,0.5195363188096542,360.34
Corporate Outreach - LinkedIn Ads,LinkedIn Ads,Melbourne,Students,681.43,352.79,11686,137,35,1,1.172342974499401,0.7299270072992701,681.43,0.5177200886371308,352.79
VIP Upgrade - LinkedIn Ads,LinkedIn Ads,Brisbane,Young Professionals,778.79,327.81,9787,124,24,1,1.2669868192500255,0.8064516129032258,778.79,0.42092219982280205,327.81
Last Mile Sales - Meta Ads,Meta Ads,Mumbai,Young Professionals,590.99,312.99,9013,227,38,2,2.518584267169644,0.881057268722467,295.495,0.5296028697609096,156.495
Summer Launch - LinkedIn Ads,LinkedIn Ads,Bangalore,Music Enthusiasts,977.25,279.69,22100,338,71,1,1.5294117647058825,0.2958579881656805,977.25,0.2862010744435917,279.69
Early Bird - LinkedIn Ads,LinkedIn Ads,Melbourne,Families,822.18,276.11,14959,166,27,1,1.109699846246407,0.6024096385542169,822.18,0.3358267046145613,276.11
VIP Upgrade - LinkedIn Ads,LinkedIn Ads,Bangalore,Families,688.48,274.28,15390,198,42,1,1.2865497076023393,0.5050505050505051,688.48,0.3983848477806181,274.28
Early Bird - Meta Ads,Meta Ads,Mumbai,Young Professionals,259.93,250.87,5073,132,27,1,2.6020106445890008,0.7575757575757576,259.93,0.9651444619705305,250.87
Early Bird - Influencer,Influencer,Melbourne,Music Enthusiasts,514.3,250.7,8446,157,31,1,1.8588681032441392,0.6369426751592357,514.3,0.48745868170328605,250.7
VIP Upgrade - Influencer,Influencer,Melbourne,Students,740.81,238.8,12141,355,79,2,2.923976608187134,0.5633802816901409,370.405,0.3223498602880631,119.4
Last Mile Sales - Influencer,Influencer,Brisbane,Young Professionals,535.4,215.79,12505,384,64,1,3.0707716913234706,0.26041666666666663,535.4,0.40304445274561074,215.79
Student Offer - Meta Ads,Meta Ads,Melbourne,Music Enthusiasts,740.62,214.67,15519,355,61,4,2.287518525678201,1.1267605633802817,185.155,0.289851745834571,53.6675
VIP Upgrade - LinkedIn Ads,LinkedIn Ads,Sydney,Students,1037.64,201.29,13583,205,38,1,1.5092394905396451,0.4878048780487805,1037.64,0.19398828109941788,201.29
Summer Launch - Meta Ads,Meta Ads,Brisbane,Students,766.48,194.3,21002,531,109,1,2.528330635177602,0.18832391713747645,766.48,0.2534965034965035,194.3
VIP Upgrade - Influencer,Influencer,Mumbai,Families,191.22,157.69,4127,163,22,1,3.949600193845408,0.6134969325153374,191.22,0.8246522330300178,157.69
Festival Push - Meta Ads,Meta Ads,Melbourne,Students,80.0,59.19,1815,65,7,1,3.581267217630854,1.5384615384615385,80.0,0.739875,59.19
Summer Launch - LinkedIn Ads,LinkedIn Ads,Brisbane,Music Enthusiasts,684.43,0.0,10519,121,22,0,1.1502994581233958,0.0,0.0,0.0,0.0
Festival Push - LinkedIn Ads,LinkedIn Ads,Melbourne,Families,368.94,0.0,6257,103,16,0,1.6461563049384689,0.0,0.0,0.0,0.0
Corporate Outreach - LinkedIn Ads,LinkedIn Ads,Bangalore,Corporate Buyers,466.13,0.0,5457,61,10,0,1.117830309693971,0.0,0.0,0.0,0.0
Weekend Boost - LinkedIn Ads,LinkedIn Ads,Melbourne,Premium Experience Seekers,513.18,0.0,13256,187,38,0,1.4106819553409775,0.0,0.0,0.0,0.0
Last Mile Sales - LinkedIn Ads,LinkedIn Ads,Brisbane,Music Enthusiasts,359.08,0.0,5421,96,18,0,1.770890979524073,0.0,0.0,0.0,0.0
Summer Launch - LinkedIn Ads,LinkedIn Ads,Delhi,Premium Experience Seekers,686.14,0.0,7829,106,15,0,1.3539404777110742,0.0,0.0,0.0,0.0
